pays,annee,PIB
Argentina,1970,31584210365.54465
Argentina,1971,33293199095.488117
Argentina,1972,34733000536.28621
Argentina,1973,52544000116.90373
Argentina,1974,72436777342.45541
Argentina,1975,52438647921.9226
Argentina,1976,51169499890.77222
Argentina,1977,56781000100.944824
Argentina,1978,58082870156.26343
Argentina,1979,69252328953.37886
Argentina,1980,76961923741.94785
Argentina,1981,78676842366.42133
Argentina,1982,84307486836.72403
Argentina,1983,103979106777.91103
Argentina,1984,79092001998.03204
Argentina,1985,88416668900.25958
Argentina,1986,110934442762.69356
Argentina,1987,111106191358.19745
Argentina,1988,126206817196.09116
Argentina,1989,76636898036.47119
Argentina,1990,141352368714.6913
Argentina,1991,189719984268.48453
Argentina,1992,228788617201.69592
Argentina,1993,236741715015.015
Argentina,1994,257440000000.0
Argentina,1995,258031750000.0
Argentina,1996,272149750000.0
Argentina,1997,292859000000.0
Argentina,1998,298948250000.0
Argentina,1999,283523000000.0
Argentina,2000,284203750000.0
Argentina,2001,268696750000.0
Argentina,2002,97724004251.8602
Argentina,2003,127586973492.17664
Argentina,2004,164657930452.78662
Argentina,2005,198737095012.28165
Argentina,2006,232557260817.3077
Argentina,2007,287530508430.568
Argentina,2008,361558037110.41925
Australia,1970,41304737372.60612
Australia,1971,45183111210.66189
Australia,1972,52003504672.897194
Australia,1973,63782190903.267136
Australia,1974,88906411201.17908
Australia,1975,97226546497.33716
Australia,1976,104974158578.09152
Australia,1977,110266116081.6701
Australia,1978,118400631626.43806
Australia,1979,134793820288.53801
Australia,1980,149887465181.0585
Australia,1981,176804829908.2782
Australia,1982,193954540439.1482
Australia,1983,177176415535.79785
Australia,1984,193503894222.06122
Australia,1985,180470967247.06604
Australia,1986,182281757134.8629
Australia,1987,189375992588.67123
Australia,1988,236135768335.27356
Australia,1989,299941372852.3736
Australia,1990,311425933051.1735
Australia,1991,326068597441.3311
Australia,1992,325692532492.5017
Australia,1993,312372821810.0056
Australia,1994,323216879972.32794
Australia,1995,368391743391.7434
Australia,1996,401819423368.7405
Australia,1997,436097980904.67993
Australia,1998,399778878111.64624
Australia,1999,389146509587.6676
Australia,2000,415446209885.0719
Australia,2001,378899860470.1084
Australia,2002,394635830891.5864
Australia,2003,466853232382.0617
Australia,2004,613329776639.6359
Australia,2005,693764095624.718
Australia,2006,747572626534.8907
Australia,2007,853764622752.6105
Australia,2008,1055334825425.2462
Austria,1970,15373005768.721884
Austria,1971,17858485956.60315
Austria,1972,22059612417.4058
Austria,1973,29515467987.91201
Austria,1974,35189299985.276794
Austria,1975,40059206763.056015
Austria,1976,42959976068.11383
Austria,1977,51545759220.71434
Austria,1978,62052258694.21018
Austria,1979,73937296654.65775
Austria,1980,82058912465.43288
Austria,1981,71034228097.45982
Austria,1982,71275287327.57925
Austria,1983,72121016623.25725
Austria,1984,67985345161.95585
Austria,1985,69386774474.5943
Austria,1986,99036165209.55386
Austria,1987,124168442860.2525
Austria,1988,133339397080.12927
Austria,1989,133105805928.23712
Austria,1990,166463386663.43942
Austria,1991,173794177725.39777
Austria,1992,195078126346.10568
Austria,1993,190379720927.48135
Austria,1994,203535242741.83835
Austria,1995,241038283062.64502
Austria,1996,237250948791.26593
Austria,1997,212790348404.55518
Austria,1998,218259904401.95642
Austria,1999,217185787342.85104
Austria,2000,196799778883.361
Austria,2001,197337879194.6309
Austria,2002,213377771503.85846
Austria,2003,261695778781.03836
Austria,2004,300904221504.8423
Austria,2005,315974418604.6511
Austria,2006,335998557270.1041
Austria,2007,388691445387.35284
Austria,2008,430294287388.31116
Azerbaijan,1970,
Azerbaijan,1971,
Azerbaijan,1972,
Azerbaijan,1973,
Azerbaijan,1974,
Azerbaijan,1975,
Azerbaijan,1976,
Azerbaijan,1977,
Azerbaijan,1978,
Azerbaijan,1979,
Azerbaijan,1980,
Azerbaijan,1981,
Azerbaijan,1982,
Azerbaijan,1983,
Azerbaijan,1984,
Azerbaijan,1985,
Azerbaijan,1986,
Azerbaijan,1987,
Azerbaijan,1988,
Azerbaijan,1989,
Azerbaijan,1990,8858006035.915659
Azerbaijan,1991,8792365810.509403
Azerbaijan,1992,4991350457.542502
Azerbaijan,1993,3973027396.651947
Azerbaijan,1994,3313739673.547376
Azerbaijan,1995,3052467522.3610435
Azerbaijan,1996,3176749593.11788
Azerbaijan,1997,3962710163.1116686
Azerbaijan,1998,4446396217.632653
Azerbaijan,1999,4581222442.457831
Azerbaijan,2000,5272617196.045174
Azerbaijan,2001,5707720390.851498
Azerbaijan,2002,6235795103.888089
Azerbaijan,2003,7276013031.969049
Azerbaijan,2004,8680472168.515314
Azerbaijan,2005,13245716099.005713
Azerbaijan,2006,20983019923.886276
Azerbaijan,2007,33050343782.7759
Azerbaijan,2008,48852482960.077896
Bahrain,1970,
Bahrain,1971,
Bahrain,1972,
Bahrain,1973,
Bahrain,1974,
Bahrain,1975,
Bahrain,1976,
Bahrain,1977,
Bahrain,1978,
Bahrain,1979,
Bahrain,1980,3072698328.46909
Bahrain,1981,3467819148.936171
Bahrain,1982,3645744680.8510637
Bahrain,1983,3735106382.9787235
Bahrain,1984,3905585106.382978
Bahrain,1985,3651861702.12766
Bahrain,1986,3052393617.0212765
Bahrain,1987,3392021010.638298
Bahrain,1988,3702393617.021276
Bahrain,1989,3863563829.787234
Bahrain,1990,4229787234.042554
Bahrain,1991,4616223404.25532
Bahrain,1992,4751063829.787234
Bahrain,1993,5200265957.446809
Bahrain,1994,5567553457.446808
Bahrain,1995,5849467819.148936
Bahrain,1996,6101861436.170213
Bahrain,1997,6349202393.617022
Bahrain,1998,6183776595.74468
Bahrain,1999,6621010372.3404255
Bahrain,2000,9062906914.893616
Bahrain,2001,8976207712.765957
Bahrain,2002,9632155053.19149
Bahrain,2003,11074822074.468084
Bahrain,2004,13150166755.319149
Bahrain,2005,15968726861.702127
Bahrain,2006,18505053191.48936
Bahrain,2007,21729999999.999996
Bahrain,2008,25710877659.574467
Belarus,1970,
Belarus,1971,
Belarus,1972,
Belarus,1973,
Belarus,1974,
Belarus,1975,
Belarus,1976,
Belarus,1977,
Belarus,1978,
Belarus,1979,
Belarus,1980,
Belarus,1981,
Belarus,1982,
Belarus,1983,
Belarus,1984,
Belarus,1985,
Belarus,1986,
Belarus,1987,
Belarus,1988,
Belarus,1989,
Belarus,1990,21650000000.0
Belarus,1991,17420000000.0
Belarus,1992,17120370370.370369
Belarus,1993,16286280991.735538
Belarus,1994,14932192010.74186
Belarus,1995,13972630803.581703
Belarus,1996,14756861538.461538
Belarus,1997,14128412417.193037
Belarus,1998,15222014828.30385
Belarus,1999,12138485328.626728
Belarus,2000,12736856827.984661
Belarus,2001,12354820143.884892
Belarus,2002,14594925392.969078
Belarus,2003,17825436034.536636
Belarus,2004,23141587717.763344
Belarus,2005,30210091836.82945
Belarus,2006,36961821893.69756
Belarus,2007,45275747860.644226
Belarus,2008,60763483146.06741
Belgium,1970,26849148285.59903
Belgium,1971,29981290025.491325
Belgium,1972,37408591329.85061
Belgium,1973,47999363071.82778
Belgium,1974,56333010459.817726
Belgium,1975,66029748930.56927
Belgium,1976,71494539498.4326
Belgium,1977,83283328418.68318
Belgium,1978,101788475086.46088
Belgium,1979,116938066868.46451
Belgium,1980,127508202372.74107
Belgium,1981,105290614080.83443
Belgium,1982,92588895020.30725
Belgium,1983,87650915976.33136
Belgium,1984,83795680815.41469
Belgium,1985,86730038793.39629
Belgium,1986,120661220335.92198
Belgium,1987,150194077687.73636
Belgium,1988,163167853538.12396
Belgium,1989,165100094594.5946
Belgium,1990,206430841501.69
Belgium,1991,211637816538.68872
Belgium,1992,236038384441.6562
Belgium,1993,225924679920.70895
Belgium,1994,246194938750.90427
Belgium,1995,289567323481.1166
Belgium,1996,281358175895.7655
Belgium,1997,254813599458.728
Belgium,1998,260601911535.89685
Belgium,1999,260202429149.79758
Belgium,2000,237904919845.21838
Belgium,2001,237841968680.0895
Belgium,2002,258860436664.7845
Belgium,2003,319002821670.4289
Belgium,2004,370885026074.0005
Belgium,2005,387365750528.5412
Belgium,2006,409813197842.17786
Belgium,2007,471821105940.323
Belgium,2008,518625897172.9896
Bosnia and Herzegovina,1970,
Bosnia and Herzegovina,1971,
Bosnia and Herzegovina,1972,
Bosnia and Herzegovina,1973,
Bosnia and Herzegovina,1974,
Bosnia and Herzegovina,1975,
Bosnia and Herzegovina,1976,
Bosnia and Herzegovina,1977,
Bosnia and Herzegovina,1978,
Bosnia and Herzegovina,1979,
Bosnia and Herzegovina,1980,
Bosnia and Herzegovina,1981,
Bosnia and Herzegovina,1982,
Bosnia and Herzegovina,1983,
Bosnia and Herzegovina,1984,
Bosnia and Herzegovina,1985,
Bosnia and Herzegovina,1986,
Bosnia and Herzegovina,1987,
Bosnia and Herzegovina,1988,
Bosnia and Herzegovina,1989,
Bosnia and Herzegovina,1990,
Bosnia and Herzegovina,1991,
Bosnia and Herzegovina,1992,
Bosnia and Herzegovina,1993,
Bosnia and Herzegovina,1994,1255802469.1358023
Bosnia and Herzegovina,1995,1866572953.736655
Bosnia and Herzegovina,1996,2786045321.637427
Bosnia and Herzegovina,1997,3671816504.238509
Bosnia and Herzegovina,1998,4116699437.404103
Bosnia and Herzegovina,1999,4685729738.562091
Bosnia and Herzegovina,2000,5505984455.958549
Bosnia and Herzegovina,2001,5748990666.178624
Bosnia and Herzegovina,2002,6651226179.018288
Bosnia and Herzegovina,2003,8370020196.191576
Bosnia and Herzegovina,2004,10022840634.920637
Bosnia and Herzegovina,2005,11225138297.195908
Bosnia and Herzegovina,2006,12866524918.222054
Bosnia and Herzegovina,2007,15776422673.19804
Bosnia and Herzegovina,2008,19112739664.469746
Brazil,1970,42327600098.24124
Brazil,1971,49204456700.45162
Brazil,1972,58539008786.36837
Brazil,1973,79279057730.829
Brazil,1974,105136007528.75961
Brazil,1975,123709376567.89029
Brazil,1976,152678020452.8288
Brazil,1977,176171284311.76117
Brazil,1978,200800891870.16382
Brazil,1979,224969488835.18094
Brazil,1980,235024598983.26135
Brazil,1981,263561088977.12936
Brazil,1982,281682304161.0405
Brazil,1983,203304515490.79538
Brazil,1984,209023912696.8388
Brazil,1985,222942790435.29932
Brazil,1986,268137224729.72214
Brazil,1987,294084112392.66034
Brazil,1988,330397381998.4894
Brazil,1989,425595310000.0
Brazil,1990,461951782000.0
Brazil,1991,602860000000.0
Brazil,1992,400599250000.0
Brazil,1993,437798577639.7516
Brazil,1994,558111997497.2627
Brazil,1995,785643456467.2551
Brazil,1996,850425828275.7933
Brazil,1997,883199443413.7291
Brazil,1998,863723395088.324
Brazil,1999,599388879704.6344
Brazil,2000,655421153320.5795
Brazil,2001,559372502338.2366
Brazil,2002,507962741819.9188
Brazil,2003,558320116997.0751
Brazil,2004,669316239316.2394
Brazil,2005,891629970423.9237
Brazil,2006,1107640325472.3486
Brazil,2007,1397084381901.289
Brazil,2008,1695824517395.572
Bulgaria,1970,
Bulgaria,1971,
Bulgaria,1972,
Bulgaria,1973,
Bulgaria,1974,
Bulgaria,1975,
Bulgaria,1976,
Bulgaria,1977,
Bulgaria,1978,
Bulgaria,1979,
Bulgaria,1980,19839230769.23077
Bulgaria,1981,19870000000.000004
Bulgaria,1982,19342000000.000004
Bulgaria,1983,16563666666.666664
Bulgaria,1984,17594944444.444447
Bulgaria,1985,17155421052.631578
Bulgaria,1986,20249294117.64706
Bulgaria,1987,28101000000.0
Bulgaria,1988,22555941176.47059
Bulgaria,1989,21988444444.444447
Bulgaria,1990,20632090909.090908
Bulgaria,1991,10943548387.096771
Bulgaria,1992,10350515463.917526
Bulgaria,1993,10829710144.927534
Bulgaria,1994,9697416974.169743
Bulgaria,1995,13063422619.047619
Bulgaria,1996,10109404159.640247
Bulgaria,1997,11195630536.8928
Bulgaria,1998,14630974778.459442
Bulgaria,1999,13495062850.302011
Bulgaria,2000,13148099185.23054
Bulgaria,2001,14135393875.589327
Bulgaria,2002,16360346653.827639
Bulgaria,2003,21074775206.32539
Bulgaria,2004,26094622563.646755
Bulgaria,2005,29821662537.322914
Bulgaria,2006,34304448149.810814
Bulgaria,2007,44765733379.98601
Bulgaria,2008,54409138498.354774
Canada,1970,87896095224.4234
Canada,1971,99271961477.5203
Canada,1972,113082820992.0194
Canada,1973,131321859214.0786
Canada,1974,160408697648.26175
Canada,1975,173834029787.65237
Canada,1976,206575564401.6227
Canada,1977,211612156934.64975
Canada,1978,218632867449.81152
Canada,1979,243072102185.41916
Canada,1980,273853826377.00992
Canada,1981,306214863624.98956
Canada,1982,313506525087.1362
Canada,1983,340547711781.88904
Canada,1984,355372558103.62134
Canada,1985,364756499450.7507
Canada,1986,377437927311.9827
Canada,1987,431316742081.44794
Canada,1988,507354351182.254
Canada,1989,565055743243.2433
Canada,1990,593929550908.4675
Canada,1991,610328183643.1876
Canada,1992,592387689252.9163
Canada,1993,577170761956.4375
Canada,1994,578139279437.6099
Canada,1995,604031623433.4014
Canada,1996,628546387972.1306
Canada,1997,652825364726.2747
Canada,1998,631813279406.8082
Canada,1999,676082654640.91
Canada,2000,742293448252.6428
Canada,2001,736379777892.562
Canada,2002,757950678646.5304
Canada,2003,892380986367.8539
Canada,2004,1023196003074.5581
Canada,2005,1169357979864.664
Canada,2006,1315415197461.213
Canada,2007,1464977190205.7537
Canada,2008,1549131208997.1885
Chile,1970,9126309734.513275
Chile,1971,10884114754.09836
Chile,1972,11853817307.692308
Chile,1973,16836261173.184359
Chile,1974,16210404183.535763
Chile,1975,7622217352.342158
Chile,1976,10341925249.042145
Chile,1977,13962893421.541319
Chile,1978,15989933708.149084
Chile,1979,21803696985.234898
Chile,1980,29036709871.794872
Chile,1981,34509878043.589745
Chile,1982,25325893205.657043
Chile,1983,20355959237.21284
Chile,1984,19622527479.691307
Chile,1985,17702885393.509884
Chile,1986,18891048818.74255
Chile,1987,22255407684.69988
Chile,1988,26040229793.06967
Chile,1989,29885685142.91066
Chile,1990,33113887817.97311
Chile,1991,37834793730.31326
Chile,1992,45964327558.88356
Chile,1993,49297773130.118515
Chile,1994,57008425295.8256
Chile,1995,73447063319.30338
Chile,1996,78039572221.60236
Chile,1997,84952360922.46786
Chile,1998,81577430181.40736
Chile,1999,75173794497.03212
Chile,2000,77860932151.8471
Chile,2001,70979923960.3742
Chile,2002,69736811435.1032
Chile,2003,75643459839.60081
Chile,2004,99210392857.6116
Chile,2005,122964812046.0727
Chile,2006,154788024805.80832
Chile,2007,173605968179.25516
Chile,2008,179638496278.5739
Colombia,1970,7198360460.198872
Colombia,1971,7820380970.53674
Colombia,1972,8671358732.684856
Colombia,1973,10315760000.339388
Colombia,1974,12370029583.641897
Colombia,1975,13098633901.867271
Colombia,1976,15341403660.46981
Colombia,1977,19470960619.129715
Colombia,1978,23263511958.050903
Colombia,1979,27940411250.27322
Colombia,1980,33400735644.048115
Colombia,1981,36388366869.03093
Colombia,1982,38968039721.74803
Colombia,1983,38729822781.599724
Colombia,1984,38253120737.967125
Colombia,1985,34894411351.98301
Colombia,1986,34942489683.97124
Colombia,1987,36373307085.088745
Colombia,1988,39212550050.42228
Colombia,1989,39540080200.39381
Colombia,1990,40274204595.22956
Colombia,1991,41239551378.24817
Colombia,1992,49279585355.09484
Colombia,1993,55802538219.02636
Colombia,1994,81703500846.03638
Colombia,1995,92507279383.03873
Colombia,1996,97160109277.80867
Colombia,1997,106659508271.25496
Colombia,1998,98443739941.1664
Colombia,1999,86186158684.7685
Colombia,2000,99886577330.72711
Colombia,2001,98203546156.31023
Colombia,2002,97933391976.08304
Colombia,2003,94684584162.77298
Colombia,2004,117074863821.85016
Colombia,2005,146566266310.56827
Colombia,2006,162590145579.95764
Colombia,2007,207416490982.9899
Colombia,2008,243982436734.23343
Costa Rica,1970,984830158.490566
Costa Rica,1971,1077152902.2910442
Costa Rica,1972,1238251695.553881
Costa Rica,1973,1528916185.2319918
Costa Rica,1974,1666544754.0983608
Costa Rica,1975,1960863465.5775962
Costa Rica,1976,2412555425.9043174
Costa Rica,1977,3072427012.835472
Costa Rica,1978,3523208809.8016334
Costa Rica,1979,4035519323.2205367
Costa Rica,1980,4831447001.166861
Costa Rica,1981,2623807074.2947984
Costa Rica,1982,2606621255.0158124
Costa Rica,1983,3976453966.739831
Costa Rica,1984,4593908718.761719
Costa Rica,1985,4796628461.386139
Costa Rica,1986,5477895474.910395
Costa Rica,1987,5841132961.605864
Costa Rica,1988,6063759370.62937
Costa Rica,1989,6866402028.109974
Costa Rica,1990,7403457319.204719
Costa Rica,1991,7168999428.244711
Costa Rica,1992,8528593084.487492
Costa Rica,1993,9537297507.16915
Costa Rica,1994,10432619390.360912
Costa Rica,1995,11513472693.870735
Costa Rica,1996,11618286553.367676
Costa Rica,1997,12552071367.153913
Costa Rica,1998,13617405420.117422
Costa Rica,1999,14195623424.810978
Costa Rica,2000,14949514585.158506
Costa Rica,2001,15913363335.056404
Costa Rica,2002,16504795453.282196
Costa Rica,2003,17195867540.352974
Costa Rica,2004,18529767934.47433
Costa Rica,2005,19952156474.845364
Costa Rica,2006,22600431878.002388
Costa Rica,2007,26743874286.851353
Costa Rica,2008,30612932802.899082
Croatia,1970,
Croatia,1971,
Croatia,1972,
Croatia,1973,
Croatia,1974,
Croatia,1975,
Croatia,1976,
Croatia,1977,
Croatia,1978,
Croatia,1979,
Croatia,1980,
Croatia,1981,
Croatia,1982,
Croatia,1983,
Croatia,1984,
Croatia,1985,
Croatia,1986,
Croatia,1987,
Croatia,1988,
Croatia,1989,
Croatia,1990,
Croatia,1991,
Croatia,1992,
Croatia,1993,
Croatia,1994,
Croatia,1995,22387561845.224438
Croatia,1996,23678012697.36116
Croatia,1997,23822087053.209103
Croatia,1998,25432144406.20433
Croatia,1999,23386945596.69277
Croatia,2000,21774273832.103123
Croatia,2001,23289671102.319725
Croatia,2002,26878499206.01649
Croatia,2003,34658113497.390015
Croatia,2004,41574530815.5047
Croatia,2005,45416358501.98346
Croatia,2006,50453577898.48864
Croatia,2007,60093155532.767784
Croatia,2008,70481451814.3118
Cuba,1970,5693005200.0
Cuba,1971,6914658400.0
Cuba,1972,8135150891.920252
Cuba,1973,9987709650.18094
Cuba,1974,11405957317.073172
Cuba,1975,13027415243.90244
Cuba,1976,13789579902.557858
Cuba,1977,14206158674.698795
Cuba,1978,17844705324.675323
Cuba,1979,19584443287.671234
Cuba,1980,19912889861.11111
Cuba,1981,20150254096.385544
Cuba,1982,20953510235.294117
Cuba,1983,22204940512.223515
Cuba,1984,24039383608.42345
Cuba,1985,22920490774.101974
Cuba,1986,24226574634.029278
Cuba,1987,25213935012.0819
Cuba,1988,27458999472.295513
Cuba,1989,27023468665.89773
Cuba,1990,28645436569.148937
Cuba,1991,24316556025.658524
Cuba,1992,22085858243.243244
Cuba,1993,22367254864.864864
Cuba,1994,28448326756.756756
Cuba,1995,30429803651.2192
Cuba,1996,25017300000.0
Cuba,1997,25366200000.0
Cuba,1998,25736331247.1786
Cuba,1999,28364615241.6894
Cuba,2000,30565400000.0
Cuba,2001,31682400000.0
Cuba,2002,33590500000.0
Cuba,2003,35901200000.0
Cuba,2004,38203000000.0
Cuba,2005,42643836074.8
Cuba,2006,52742800000.0
Cuba,2007,58603900000.0
Cuba,2008,60806300000.0
Cyprus,1970,
Cyprus,1971,
Cyprus,1972,
Cyprus,1973,
Cyprus,1974,
Cyprus,1975,489914760.6828071
Cyprus,1976,576090073.7150359
Cyprus,1977,734887973.9758058
Cyprus,1978,964026512.197839
Cyprus,1979,1288715209.5808382
Cyprus,1980,2154311276.9485903
Cyprus,1981,2087496373.7796376
Cyprus,1982,2159242416.76942
Cyprus,1983,2160364071.1902113
Cyprus,1984,2278248953.1405787
Cyprus,1985,2430411900.1919384
Cyprus,1986,3090734463.276837
Cyprus,1987,3704813885.5054812
Cyprus,1988,4278792597.2396483
Cyprus,1989,4563482603.550296
Cyprus,1990,5591130217.669654
Cyprus,1991,5770197348.484848
Cyprus,1992,6912150456.323337
Cyprus,1993,6590291048.292109
Cyprus,1994,7425703928.571429
Cyprus,1995,9826778783.958603
Cyprus,1996,9899623588.456713
Cyprus,1997,9594298745.72406
Cyprus,1998,10353506787.330317
Cyprus,1999,10614455231.93096
Cyprus,2000,10183317624.882187
Cyprus,2001,10567304189.435337
Cyprus,2002,11618269230.76923
Cyprus,2003,14576896942.242355
Cyprus,2004,17422375000.0
Cyprus,2005,18703146374.829002
Cyprus,2006,20403713461.297203
Cyprus,2007,24077470572.132492
Cyprus,2008,27839460963.820126
Czech Republic,1970,
Czech Republic,1971,
Czech Republic,1972,
Czech Republic,1973,
Czech Republic,1974,
Czech Republic,1975,
Czech Republic,1976,
Czech Republic,1977,
Czech Republic,1978,
Czech Republic,1979,
Czech Republic,1980,
Czech Republic,1981,
Czech Republic,1982,
Czech Republic,1983,
Czech Republic,1984,
Czech Republic,1985,
Czech Republic,1986,
Czech Republic,1987,
Czech Republic,1988,
Czech Republic,1989,
Czech Republic,1990,40477403219.51763
Czech Republic,1991,29675502269.5661
Czech Republic,1992,34590052812.16837
Czech Republic,1993,40614350197.235275
Czech Republic,1994,47554674590.93278
Czech Republic,1995,59775697061.03994
Czech Republic,1996,66985765439.19367
Czech Republic,1997,61792161168.001114
Czech Republic,1998,66490372105.126205
Czech Republic,1999,64867483193.131454
Czech Republic,2000,61649492816.52006
Czech Republic,2001,67523642262.400856
Czech Republic,2002,81910771993.91545
Czech Republic,2003,99627140274.38052
Czech Republic,2004,119162172468.26823
Czech Republic,2005,136280689891.22359
Czech Republic,2006,155463807112.88922
Czech Republic,2007,189227050759.59534
Czech Republic,2008,235718586901.12878
Denmark,1970,17075466666.666666
Denmark,1971,19085681968.14026
Denmark,1972,23232411897.601196
Denmark,1973,30730638895.77651
Denmark,1974,34160363582.667477
Denmark,1975,40474400473.35631
Denmark,1976,44575847808.10587
Denmark,1977,49784281716.417915
Denmark,1978,60362854966.81537
Denmark,1979,70366280174.87169
Denmark,1980,71127592753.59747
Denmark,1981,61877755004.632614
Denmark,1982,60412846238.77875
Denmark,1983,60644833242.20886
Denmark,1984,59105208272.985344
Denmark,1985,62658544411.30951
Denmark,1986,88078729452.47807
Denmark,1987,109414353171.64452
Denmark,1988,115552848547.87195
Denmark,1989,112409236409.40056
Denmark,1990,138247261092.97742
Denmark,1991,139224732275.46317
Denmark,1992,152915624326.9661
Denmark,1993,143195607581.8566
Denmark,1994,156162311731.59766
Denmark,1995,185006961302.299
Denmark,1996,187632400365.59918
Denmark,1997,173537588008.17624
Denmark,1998,176992000955.10983
Denmark,1999,177965224620.85376
Denmark,2000,164158800460.21948
Denmark,2001,164791416350.26672
Denmark,2002,178635160297.4147
Denmark,2003,218095997085.47748
Denmark,2004,251373036671.06207
Denmark,2005,264467308109.18973
Denmark,2006,282884912894.3297
Denmark,2007,319423370134.2837
Denmark,2008,353361056079.716
Egypt,1970,7682491836.222055
Egypt,1971,8266003570.517725
Egypt,1972,8763960703.205791
Egypt,1973,9616725366.34664
Egypt,1974,9015166839.808851
Egypt,1975,11437965585.269619
Egypt,1976,13360476861.96624
Egypt,1977,14636028766.883001
Egypt,1978,14849909490.600365
Egypt,1979,18150000571.428574
Egypt,1980,22912500555.555557
Egypt,1981,23405404729.729736
Egypt,1982,25592365394.08867
Egypt,1983,28137369499.417927
Egypt,1984,30642873038.05633
Egypt,1985,34689560464.87279
Egypt,1986,35880262675.39757
Egypt,1987,40507934171.24902
Egypt,1988,35044634014.76434
Egypt,1989,39648442534.07683
Egypt,1990,43130416913.41408
Egypt,1991,36970555898.969765
Egypt,1992,41855986519.42346
Egypt,1993,46578631452.58103
Egypt,1994,51897983392.64532
Egypt,1995,60159245060.454155
Egypt,1996,67629716981.13208
Egypt,1997,78436578171.09145
Egypt,1998,84828807556.08029
Egypt,1999,90710704806.84164
Egypt,2000,99838543960.07631
Egypt,2001,97632008709.85303
Egypt,2002,87850683978.66914
Egypt,2003,82924503942.6381
Egypt,2004,78845185293.49644
Egypt,2005,89685725230.25166
Egypt,2006,107484034870.9739
Egypt,2007,130478960092.49852
Egypt,2008,162818181818.18182
El Salvador,1970,1132920000.0
El Salvador,1971,1186120000.0
El Salvador,1972,1263720000.0
El Salvador,1973,1442320000.0
El Salvador,1974,1665880000.0
El Salvador,1975,1884120100.0
El Salvador,1976,2328280100.0
El Salvador,1977,2941640100.0
El Salvador,1978,3127960000.0
El Salvador,1979,3463639900.0
El Salvador,1980,3573959900.0
El Salvador,1981,3437200200.0
El Salvador,1982,3399189100.0
El Salvador,1983,3506347800.0
El Salvador,1984,3661683400.0
El Salvador,1985,3800368600.0
El Salvador,1986,3771663200.0
El Salvador,1987,3958045800.0
El Salvador,1988,4189880000.0
El Salvador,1989,4372215300.0
El Salvador,1990,4800900000.0
El Salvador,1991,5311000000.0
El Salvador,1992,5954700000.0
El Salvador,1993,6938000000.0
El Salvador,1994,8085600000.0
El Salvador,1995,9500500000.0
El Salvador,1996,10315500000.0
El Salvador,1997,11134700000.0
El Salvador,1998,12008400000.0
El Salvador,1999,12464700000.0
El Salvador,2000,13134100000.0
El Salvador,2001,13812700000.0
El Salvador,2002,14306700000.0
El Salvador,2003,15046700000.0
El Salvador,2004,15798300000.0
El Salvador,2005,17093800000.0
El Salvador,2006,18550700000.0
El Salvador,2007,20104900000.0
El Salvador,2008,21430950000.0
Estonia,1970,
Estonia,1971,
Estonia,1972,
Estonia,1973,
Estonia,1974,
Estonia,1975,
Estonia,1976,
Estonia,1977,
Estonia,1978,
Estonia,1979,
Estonia,1980,
Estonia,1981,
Estonia,1982,
Estonia,1983,
Estonia,1984,
Estonia,1985,
Estonia,1986,
Estonia,1987,
Estonia,1988,
Estonia,1989,
Estonia,1990,
Estonia,1991,
Estonia,1992,
Estonia,1993,
Estonia,1994,
Estonia,1995,4373665145.554682
Estonia,1996,4746109767.199896
Estonia,1997,5066240419.296663
Estonia,1998,5617109244.632328
Estonia,1999,5726897998.296422
Estonia,2000,5685774808.808624
Estonia,2001,6245069734.133023
Estonia,2002,7322069511.161345
Estonia,2003,9833870709.123756
Estonia,2004,12059201242.236025
Estonia,2005,14006088297.475437
Estonia,2006,16963625015.681847
Estonia,2007,22237061730.08486
Estonia,2008,24194039255.89571
Finland,1970,11365953567.383919
Finland,1971,12536710287.013357
Finland,1972,14754136507.026096
Finland,1973,19486826979.928425
Finland,1974,24867278714.353237
Finland,1975,29494515597.219975
Finland,1976,31873171718.725956
Finland,1977,33524682307.805817
Finland,1978,36283091407.94224
Finland,1979,44498283620.82125
Finland,1980,53685049410.26459
Finland,1981,52485533204.7396
Finland,1982,52832120389.786606
Finland,1983,51014090520.92229
Finland,1984,52926394934.705185
Finland,1985,55914236377.59018
Finland,1986,73586676049.73024
Finland,1987,91642093872.58218
Finland,1988,109103056147.83226
Finland,1989,119064708327.55992
Finland,1990,141517648888.19778
Finland,1991,127866490222.02617
Finland,1992,112625431377.75418
Finland,1993,89255751014.88498
Finland,1994,103321570859.41946
Finland,1995,134199346405.22874
Finland,1996,132099404607.81776
Finland,1997,126833123353.56775
Finland,1998,133936359590.56519
Finland,1999,135225868314.51097
Finland,2000,125539893126.95781
Finland,2001,129250111856.82327
Finland,2002,139552983248.63544
Finland,2003,171071106094.80814
Finland,2004,196768065557.48697
Finland,2005,204436015420.96753
Finland,2006,216552502822.7324
Finland,2007,255384615384.6154
Finland,2008,283742493042.3319
France,1970,148948860281.0913
France,1971,166564460755.29773
France,1972,204283485045.51364
France,1973,265381555686.5056
France,1974,286526186579.3781
France,1975,362000917852.2258
France,1976,373410270417.91864
France,1977,411464295266.11395
France,1978,508183139534.8838
France,1979,615834104224.4835
France,1980,703525302701.0245
France,1981,617589619794.8099
France,1982,586837009681.605
France,1983,561852138738.2736
France,1984,532648802822.1872
France,1985,555197109067.0171
France,1986,774556302680.178
France,1987,938368438284.4047
France,1988,1023504019381.1254
France,1989,1030122352457.3308
France,1990,1275300566196.8438
France,1991,1275563306592.2568
France,1992,1408724907063.197
France,1993,1330094973361.1306
France,1994,1401636342155.0093
France,1995,1609892232882.1133
France,1996,1614245416078.9844
France,1997,1460709148123.1736
France,1998,1510758283299.9778
France,1999,1500275942893.6714
France,2000,1368438363736.8713
France,2001,1382218344519.0156
France,2002,1500337850555.242
France,2003,1848124153498.8713
France,2004,2124112242364.0427
France,2005,2203678646934.461
France,2006,2325011918203.488
France,2007,2663112510265.535
France,2008,2923465651091.2554
Georgia,1970,
Georgia,1971,
Georgia,1972,
Georgia,1973,
Georgia,1974,
Georgia,1975,
Georgia,1976,
Georgia,1977,
Georgia,1978,
Georgia,1979,
Georgia,1980,
Georgia,1981,
Georgia,1982,
Georgia,1983,
Georgia,1984,
Georgia,1985,
Georgia,1986,
Georgia,1987,
Georgia,1988,
Georgia,1989,
Georgia,1990,7753501867.760946
Georgia,1991,6357615894.039736
Georgia,1992,3690328963.640861
Georgia,1993,2701181331.3081627
Georgia,1994,2513870586.733439
Georgia,1995,2693731865.970364
Georgia,1996,3094915505.909298
Georgia,1997,3510540809.2485547
Georgia,1998,3613500117.249277
Georgia,1999,2800024313.951438
Georgia,2000,3057453482.5582576
Georgia,2001,3219487824.8791084
Georgia,2002,3395778673.791826
Georgia,2003,3991374548.5051155
Georgia,2004,5125273880.749976
Georgia,2005,6410941012.591887
Georgia,2006,7745406200.853741
Georgia,2007,10172869679.736605
Georgia,2008,12795044472.7663
Germany,1970,215021806498.15637
Germany,1971,249039217364.63504
Germany,1972,298667219346.13257
Germany,1973,396866742553.97
Germany,1974,443618642959.7158
Germany,1975,488780155338.26215
Germany,1976,517787921003.57306
Germany,1977,598226205424.0714
Germany,1978,737668356280.4285
Germany,1979,878010536975.7762
Germany,1980,946695355820.9597
Germany,1981,797443405711.8131
Germany,1982,773638200773.7568
Germany,1983,767768378016.0857
Germany,1984,722367608343.0692
Germany,1985,729763282952.4315
Germany,1986,1042300769791.9481
Germany,1987,1293264353318.8247
Germany,1988,1395931548502.0603
Germany,1989,1393674332154.3743
Germany,1990,1764967948916.5962
Germany,1991,1861873895109.0159
Germany,1992,2123130870381.9663
Germany,1993,2068555542410.9783
Germany,1994,2205966011811.498
Germany,1995,2591620035485.192
Germany,1996,2503665193657.3955
Germany,1997,2218689375140.988
Germany,1998,2243225519617.6504
Germany,1999,2199957383336.885
Germany,2000,1949953934033.5361
Germany,2001,1950648769574.944
Germany,2002,2079136081309.9944
Germany,2003,2505733634311.512
Germany,2004,2819245095604.6685
Germany,2005,2861410272354.1846
Germany,2006,3002446368084.3057
Germany,2007,3439953462907.199
Germany,2008,3752365607148.0884
Greece,1970,13139862500.0
Greece,1971,14591755681.818182
Greece,1972,16885506818.18182
Greece,1973,22347844649.021862
Greece,1974,25351305681.818184
Greece,1975,28525872476.089264
Greece,1976,31152840485.074627
Greece,1977,36176233117.48381
Greece,1978,44270203153.98887
Greece,1979,54481875804.9678
Greece,1980,56829663469.224625
Greece,1981,52346507380.0738
Greece,1982,54617991326.53061
Greece,1983,49428872678.01857
Greece,1984,48020024788.39178
Greece,1985,47820850974.58672
Greece,1986,56379593719.57157
Greece,1987,65652751132.360344
Greece,1988,76261278404.9964
Greece,1989,79169043642.46747
Greece,1990,97891090928.63284
Greece,1991,105143232379.88408
Greece,1992,116224673042.54558
Greece,1993,108809058858.50179
Greece,1994,116601802106.74158
Greece,1995,136878366230.328
Greece,1996,145861612825.59454
Greece,1997,143157600024.95944
Greece,1998,144428172835.2358
Greece,1999,142540728958.02258
Greece,2000,130133845771.14429
Greece,2001,136191353467.56152
Greece,2002,153830947016.75137
Greece,2003,201924270316.0271
Greece,2004,240521260988.32877
Greece,2005,247783001865.4396
Greece,2006,273317737046.79462
Greece,2007,318497936901.1771
Greece,2008,354460802548.7037
Guatemala,1970,1903999999.9999998
Guatemala,1971,1984800000.0
Guatemala,1972,2101300000.0000002
Guatemala,1973,2569200100.0
Guatemala,1974,3161499900.0
Guatemala,1975,3645900000.0
Guatemala,1976,4365300199.999999
Guatemala,1977,5480500200.000001
Guatemala,1978,6070600199.999999
Guatemala,1979,6902600200.0
Guatemala,1980,7878700000.0
Guatemala,1981,8607500300.0
Guatemala,1982,8716999700.0
Guatemala,1983,9050000400.0
Guatemala,1984,9470000100.0
Guatemala,1985,9721652086.956522
Guatemala,1986,7231963515.981734
Guatemala,1987,7084399840.0
Guatemala,1988,7841602824.427482
Guatemala,1989,8410724360.795455
Guatemala,1990,7650125217.352534
Guatemala,1991,9406097735.091173
Guatemala,1992,10440842165.319305
Guatemala,1993,11399942453.064556
Guatemala,1994,12983235568.229239
Guatemala,1995,14655487455.733305
Guatemala,1996,15674852771.135569
Guatemala,1997,17790095900.98086
Guatemala,1998,19395461989.539074
Guatemala,1999,18318512501.025578
Guatemala,2000,19288926545.37585
Guatemala,2001,18702802394.828594
Guatemala,2002,20776669466.605297
Guatemala,2003,21917706490.529922
Guatemala,2004,23965275995.721386
Guatemala,2005,27211377225.271484
Guatemala,2006,30231249362.060352
Guatemala,2007,34113107085.608536
Guatemala,2008,39136893345.15007
Hungary,1970,
Hungary,1971,
Hungary,1972,
Hungary,1973,
Hungary,1974,
Hungary,1975,
Hungary,1976,
Hungary,1977,
Hungary,1978,
Hungary,1979,
Hungary,1980,
Hungary,1981,
Hungary,1982,
Hungary,1983,
Hungary,1984,
Hungary,1985,
Hungary,1986,
Hungary,1987,
Hungary,1988,
Hungary,1989,
Hungary,1990,
Hungary,1991,34748508332.10678
Hungary,1992,38724945367.85828
Hungary,1993,40119073326.35733
Hungary,1994,43160392123.60531
Hungary,1995,46418916500.35357
Hungary,1996,46659796772.547325
Hungary,1997,47290180588.59934
Hungary,1998,48770466838.64913
Hungary,1999,49170434390.9949
Hungary,2000,47310623887.23195
Hungary,2001,53821315066.102356
Hungary,2002,67716887203.4136
Hungary,2003,85324771841.41177
Hungary,2004,104066609517.92836
Hungary,2005,113035361316.7487
Hungary,2006,115295199391.60608
Hungary,2007,139850794387.2811
Hungary,2008,157998423131.73938
Ireland,1970,4401259497.259497
Ireland,1971,5104355308.547336
Ireland,1972,6325627655.389458
Ireland,1973,7490132355.778507
Ireland,1974,7906317068.679801
Ireland,1975,9495165853.658537
Ireland,1976,9465078120.577414
Ireland,1977,11261810825.662867
Ireland,1978,14665538205.980066
Ireland,1979,18341273533.204384
Ireland,1980,21773901116.685547
Ireland,1981,20694944226.137657
Ireland,1982,21500471495.64051
Ireland,1983,20790917196.828815
Ireland,1984,20130728273.860336
Ireland,1985,21295485883.23478
Ireland,1986,28748959728.6986
Ireland,1987,33961141502.808987
Ireland,1988,37818133413.31734
Ireland,1989,39285384083.04498
Ireland,1990,49364680083.3659
Ireland,1991,49847127265.813156
Ireland,1992,55985505158.78333
Ireland,1993,52480251889.75462
Ireland,1994,57166035689.04594
Ireland,1995,69222624494.9495
Ireland,1996,75880630040.32259
Ireland,1997,82826141714.42216
Ireland,1998,90082029830.66054
Ireland,1999,98691939590.88004
Ireland,2000,99853528745.16309
Ireland,2001,109133515615.21254
Ireland,2002,127945378411.44363
Ireland,2003,164285114672.68622
Ireland,2004,193870345294.26373
Ireland,2005,211650759109.56348
Ireland,2006,232085533684.6067
Ireland,2007,269917518477.96332
Ireland,2008,275020018163.17566
Israel,1970,7045666666.666667
Israel,1971,6709000000.0
Israel,1972,8771500000.0
Israel,1973,11321750000.0
Israel,1974,16334250000.0
Israel,1975,15353833333.333334
Israel,1976,15176875000.0
Israel,1977,17365700000.0
Israel,1978,16836235294.117647
Israel,1979,21505200000.0
Israel,1980,24154568627.450977
Israel,1981,25568701754.385963
Israel,1982,27826057613.168724
Israel,1983,31079439501.779358
Israel,1984,29148462482.946793
Israel,1985,27493591483.58639
Israel,1986,34083532195.187527
Israel,1987,40946424369.7479
Israel,1988,50078767902.933266
Israel,1989,49881433990.81611
Israel,1990,58986997916.87333
Israel,1991,67530220218.5073
Israel,1992,75575902931.96698
Israel,1993,75954641355.42914
Israel,1994,86307135996.8118
Israel,1995,100343219506.52542
Israel,1996,109957321960.08397
Israel,1997,114724862033.97693
Israel,1998,115979230546.56456
Israel,1999,117189920211.60953
Israel,2000,132339311284.42842
Israel,2001,130706147870.74684
Israel,2002,121069378150.19629
Israel,2003,126864966908.9392
Israel,2004,135445033199.46452
Israel,2005,142462925574.34766
Israel,2006,153966916311.32455
Israel,2007,178706717752.7324
Israel,2008,215840354626.5329
Italy,1970,113021271995.04338
Italy,1971,124261125468.16478
Italy,1972,144780887782.2045
Italy,1973,174913182331.45135
Italy,1974,198906210777.017
Italy,1975,226944777283.51126
Italy,1976,223976030937.4273
Italy,1977,256746610489.35703
Italy,1978,314019078256.9017
Italy,1979,392378584945.23425
Italy,1980,475682506443.5903
Italy,1981,429282143246.4657
Italy,1982,425863251968.5039
Italy,1983,441580962901.5808
Italy,1984,436443280912.49725
Italy,1985,450725816042.9977
Italy,1986,638273986102.0912
Italy,1987,803055418882.5814
Italy,1988,888667913418.6254
Italy,1989,925598068021.4507
Italy,1990,1177326294440.8533
Italy,1991,1242109397533.9473
Italy,1992,1315806985860.1729
Italy,1993,1061445225790.5747
Italy,1994,1095590833693.5638
Italy,1995,1170787352906.2166
Italy,1996,1308929351236.0396
Italy,1997,1239050932241.928
Italy,1998,1266309245009.4792
Italy,1999,1248563179203.0684
Italy,2000,1141759996314.7227
Italy,2001,1162317852348.9934
Italy,2002,1266510634293.243
Italy,2003,1569649661399.5486
Italy,2004,1798314750434.5667
Italy,2005,1852661982340.505
Italy,2006,1942633797515.9954
Italy,2007,2203053380782.918
Italy,2008,2390729163615.058
Japan,1970,211514189326.3889
Japan,1971,238914956436.922
Japan,1972,316393344649.993
Japan,1973,429857320166.565
Japan,1974,477155786487.7218
Japan,1975,518855814542.72833
Japan,1976,583142956487.9742
Japan,1977,717696307916.6511
Japan,1978,1008391778690.2501
Japan,1979,1049578503045.0854
Japan,1980,1099692917412.746
Japan,1981,1215508719880.8538
Japan,1982,1129894523635.089
Japan,1983,1232343804284.168
Japan,1984,1309740021609.7422
Japan,1985,1400714806812.6462
Japan,1986,2075034242192.312
Japan,1987,2514283894261.862
Japan,1988,3050637784817.525
Japan,1989,3052315661954.8228
Japan,1990,3139974443543.0015
Japan,1991,3578139437172.0186
Japan,1992,3897826229662.8613
Japan,1993,4466565327401.262
Japan,1994,4907039384469.678
Japan,1995,5449116304981.097
Japan,1996,4833712542207.097
Japan,1997,4414732843544.432
Japan,1998,4032509760872.936
Japan,1999,4562078822335.453
Japan,2000,4887519660744.858
Japan,2001,4303544259842.7207
Japan,2002,4115116279069.767
Japan,2003,4445658071221.864
Japan,2004,4815148854362.112
Japan,2005,4755410630912.137
Japan,2006,4530377224970.399
Japan,2007,4515264514430.568
Japan,2008,5037908465114.4795
Kazakhstan,1970,
Kazakhstan,1971,
Kazakhstan,1972,
Kazakhstan,1973,
Kazakhstan,1974,
Kazakhstan,1975,
Kazakhstan,1976,
Kazakhstan,1977,
Kazakhstan,1978,
Kazakhstan,1979,
Kazakhstan,1980,
Kazakhstan,1981,
Kazakhstan,1982,
Kazakhstan,1983,
Kazakhstan,1984,
Kazakhstan,1985,
Kazakhstan,1986,
Kazakhstan,1987,
Kazakhstan,1988,
Kazakhstan,1989,
Kazakhstan,1990,26932728898.81461
Kazakhstan,1991,24881135586.39896
Kazakhstan,1992,24906939560.10984
Kazakhstan,1993,23409027475.687862
Kazakhstan,1994,21250839258.090054
Kazakhstan,1995,20374307047.114986
Kazakhstan,1996,21035357832.80192
Kazakhstan,1997,22165932062.96603
Kazakhstan,1998,22135245413.231174
Kazakhstan,1999,16870817134.776672
Kazakhstan,2000,18291990619.137
Kazakhstan,2001,22152694161.888237
Kazakhstan,2002,24636593223.346672
Kazakhstan,2003,30833699702.759407
Kazakhstan,2004,43151647002.60963
Kazakhstan,2005,57123671733.895256
Kazakhstan,2006,81003884545.40984
Kazakhstan,2007,104849886825.58414
Kazakhstan,2008,133441612246.79799
Kuwait,1970,2873984878.1853824
Kuwait,1971,3880370401.572592
Kuwait,1972,4451200972.940103
Kuwait,1973,5408293998.651382
Kuwait,1974,13004774556.616644
Kuwait,1975,12024138275.86207
Kuwait,1976,13131668946.648428
Kuwait,1977,14135729588.276342
Kuwait,1978,15500908760.450745
Kuwait,1979,24746019536.90304
Kuwait,1980,28638550499.445065
Kuwait,1981,25056672166.427544
Kuwait,1982,21577977770.059048
Kuwait,1983,20869434305.317326
Kuwait,1984,21697297872.34043
Kuwait,1985,21442619680.85106
Kuwait,1986,17903681693.048862
Kuwait,1987,22365734481.521347
Kuwait,1988,20692472759.85663
Kuwait,1989,24312117767.18856
Kuwait,1990,18427777777.77778
Kuwait,1991,11008793176.2223
Kuwait,1992,19858555214.72393
Kuwait,1993,23941391390.728477
Kuwait,1994,24848483838.38384
Kuwait,1995,27191689008.042896
Kuwait,1996,31493987641.95057
Kuwait,1997,30354434553.24761
Kuwait,1998,25941929461.942257
Kuwait,1999,30121879434.954006
Kuwait,2000,37711864406.779655
Kuwait,2001,34890772742.09326
Kuwait,2002,38137545245.14643
Kuwait,2003,47875838926.1745
Kuwait,2004,59440108585.00169
Kuwait,2005,80797945205.47946
Kuwait,2006,101550654720.88214
Kuwait,2007,114641097818.43771
Kuwait,2008,147395833333.33334
Kyrgyzstan,1970,
Kyrgyzstan,1971,
Kyrgyzstan,1972,
Kyrgyzstan,1973,
Kyrgyzstan,1974,
Kyrgyzstan,1975,
Kyrgyzstan,1976,
Kyrgyzstan,1977,
Kyrgyzstan,1978,
Kyrgyzstan,1979,
Kyrgyzstan,1980,
Kyrgyzstan,1981,
Kyrgyzstan,1982,
Kyrgyzstan,1983,
Kyrgyzstan,1984,
Kyrgyzstan,1985,
Kyrgyzstan,1986,
Kyrgyzstan,1987,
Kyrgyzstan,1988,
Kyrgyzstan,1989,
Kyrgyzstan,1990,2674000000.0
Kyrgyzstan,1991,2570833333.3333335
Kyrgyzstan,1992,2316562500.0
Kyrgyzstan,1993,2028295454.5454545
Kyrgyzstan,1994,1681006993.0069928
Kyrgyzstan,1995,1661018518.5185184
Kyrgyzstan,1996,1827570586.1678448
Kyrgyzstan,1997,1767864035.7194295
Kyrgyzstan,1998,1645963749.8314617
Kyrgyzstan,1999,1249062025.1380541
Kyrgyzstan,2000,1369693171.435038
Kyrgyzstan,2001,1525112241.8437595
Kyrgyzstan,2002,1605640633.4218886
Kyrgyzstan,2003,1919012780.9708598
Kyrgyzstan,2004,2211535311.628343
Kyrgyzstan,2005,2460248026.1778316
Kyrgyzstan,2006,2834168889.4201913
Kyrgyzstan,2007,3802566170.815435
Kyrgyzstan,2008,5139957784.91084
Latvia,1970,
Latvia,1971,
Latvia,1972,
Latvia,1973,
Latvia,1974,
Latvia,1975,
Latvia,1976,
Latvia,1977,
Latvia,1978,
Latvia,1979,
Latvia,1980,
Latvia,1981,
Latvia,1982,
Latvia,1983,
Latvia,1984,
Latvia,1985,
Latvia,1986,
Latvia,1987,
Latvia,1988,
Latvia,1989,
Latvia,1990,
Latvia,1991,
Latvia,1992,
Latvia,1993,
Latvia,1994,
Latvia,1995,5788368511.123788
Latvia,1996,5970044665.645738
Latvia,1997,6525676264.214856
Latvia,1998,7174985106.636482
Latvia,1999,7533187605.092482
Latvia,2000,7937758980.301274
Latvia,2001,8350252966.196553
Latvia,2002,9546441564.34743
Latvia,2003,11748433157.053253
Latvia,2004,14373269155.717443
Latvia,2005,16922504044.803984
Latvia,2006,21447021570.102833
Latvia,2007,30901399261.38695
Latvia,2008,35596016664.23038
Lithuania,1970,
Lithuania,1971,
Lithuania,1972,
Lithuania,1973,
Lithuania,1974,
Lithuania,1975,
Lithuania,1976,
Lithuania,1977,
Lithuania,1978,
Lithuania,1979,
Lithuania,1980,
Lithuania,1981,
Lithuania,1982,
Lithuania,1983,
Lithuania,1984,
Lithuania,1985,
Lithuania,1986,
Lithuania,1987,
Lithuania,1988,
Lithuania,1989,
Lithuania,1990,
Lithuania,1991,
Lithuania,1992,
Lithuania,1993,
Lithuania,1994,
Lithuania,1995,7870782260.516979
Lithuania,1996,8385109020.28485
Lithuania,1997,10120274492.878721
Lithuania,1998,11240360897.712559
Lithuania,1999,10972878636.167458
Lithuania,2000,11539211480.362537
Lithuania,2001,12252498921.018559
Lithuania,2002,14278357283.7419
Lithuania,2003,18802576988.15567
Lithuania,2004,22649930576.254345
Lithuania,2005,26125575942.28138
Lithuania,2006,30216060233.40444
Lithuania,2007,39738180076.62835
Lithuania,2008,47850551148.836525
Mauritius,1970,
Mauritius,1971,
Mauritius,1972,
Mauritius,1973,
Mauritius,1974,
Mauritius,1975,
Mauritius,1976,706991274.4144279
Mauritius,1977,827094668.0187067
Mauritius,1978,1019630847.1111255
Mauritius,1979,1216229419.3180199
Mauritius,1980,1136543003.2664
Mauritius,1981,1147192916.6899793
Mauritius,1982,1082939379.1676247
Mauritius,1983,1094857357.6395414
Mauritius,1984,1044928624.7400419
Mauritius,1985,1080642033.3495226
Mauritius,1986,1469046114.7745497
Mauritius,1987,1888754655.1536708
Mauritius,1988,2143484487.6727414
Mauritius,1989,2191096860.286692
Mauritius,1990,2653480001.345578
Mauritius,1991,2856890680.6028504
Mauritius,1992,3224267547.8050785
Mauritius,1993,3263368410.018132
Mauritius,1994,3558137040.37772
Mauritius,1995,4040345933.292306
Mauritius,1996,4421943910.49749
Mauritius,1997,4187367601.7343144
Mauritius,1998,4169664285.386805
Mauritius,1999,4291172815.6342063
Mauritius,2000,4582555124.649518
Mauritius,2001,4536538210.667609
Mauritius,2002,4767303153.995061
Mauritius,2003,5609831328.064799
Mauritius,2004,6385695187.0102005
Mauritius,2005,6283803256.012638
Mauritius,2006,7028803365.7015085
Mauritius,2007,8150138757.15741
Mauritius,2008,9990370016.307709
Mexico,1970,35541712000.0
Mexico,1971,39200880000.0
Mexico,1972,45178120000.0
Mexico,1973,55271304000.0
Mexico,1974,71976544000.0
Mexico,1975,88003984000.0
Mexico,1976,89023915584.41559
Mexico,1977,81825783185.84071
Mexico,1978,102517451754.38596
Mexico,1979,134540324561.4035
Mexico,1980,194356826086.9565
Mexico,1981,250083020408.16327
Mexico,1982,173720851063.8298
Mexico,1983,148866910907.57703
Mexico,1984,175632157330.15494
Mexico,1985,184473106267.02997
Mexico,1986,129440194508.00916
Mexico,1987,140263679436.94675
Mexico,1988,183144268180.0185
Mexico,1989,222977035953.68677
Mexico,1990,262709776007.96414
Mexico,1991,314453890803.07446
Mexico,1992,363609256195.67676
Mexico,1993,503962832199.2553
Mexico,1994,527318753518.41425
Mexico,1995,343792792161.26117
Mexico,1996,397404140458.4572
Mexico,1997,480554644187.6618
Mexico,1998,502010250656.7426
Mexico,1999,579459682649.2616
Mexico,2000,683647965226.9554
Mexico,2001,724703603502.3495
Mexico,2002,741559509631.3173
Mexico,2003,713284231624.8031
Mexico,2004,770267585947.1913
Mexico,2005,866345821213.2612
Mexico,2006,965281191371.8438
Mexico,2007,1043471321169.0854
Mexico,2008,1101275278668.7874
Moldova,1970,
Moldova,1971,
Moldova,1972,
Moldova,1973,
Moldova,1974,
Moldova,1975,
Moldova,1976,
Moldova,1977,
Moldova,1978,
Moldova,1979,
Moldova,1980,
Moldova,1981,
Moldova,1982,
Moldova,1983,
Moldova,1984,
Moldova,1985,
Moldova,1986,
Moldova,1987,
Moldova,1988,
Moldova,1989,
Moldova,1990,
Moldova,1991,
Moldova,1992,
Moldova,1993,
Moldova,1994,
Moldova,1995,1752975841.3591602
Moldova,1996,1695130456.5217392
Moldova,1997,1930071406.9264069
Moldova,1998,1639497206.7039106
Moldova,1999,1170785047.7946067
Moldova,2000,1288429150.5139382
Moldova,2001,1480656884.3846178
Moldova,2002,1661818168.4226036
Moldova,2003,1980901553.5122573
Moldova,2004,2598231467.4367104
Moldova,2005,2988338439.3155336
Moldova,2006,3408272498.115162
Moldova,2007,4401154128.122966
Moldova,2008,6054806100.846806
Netherlands,1970,37677621537.7123
Netherlands,1971,44010160463.65915
Netherlands,1972,54008338917.87971
Netherlands,1973,70924006306.16428
Netherlands,1974,86129928026.88745
Netherlands,1975,98970041042.17497
Netherlands,1976,107775403067.17787
Netherlands,1977,125395875998.92252
Netherlands,1978,153870462415.97067
Netherlands,1979,177376289135.44986
Netherlands,1980,192661371425.40457
Netherlands,1981,162039376225.38196
Netherlands,1982,156456858050.6726
Netherlands,1983,151487045479.1136
Netherlands,1984,142075910370.87912
Netherlands,1985,142009922306.26328
Netherlands,1986,198298498021.22687
Netherlands,1987,241918791122.7154
Netherlands,1988,258567751142.8253
Netherlands,1989,255039560739.89398
Netherlands,1990,314267667675.17847
Netherlands,1991,323320449905.70483
Netherlands,1992,358330385839.599
Netherlands,1993,349037818106.3123
Netherlands,1994,374291430318.4405
Netherlands,1995,446528959648.64124
Netherlands,1996,445704575163.3987
Netherlands,1997,412199006098.93835
Netherlands,1998,432476116418.57367
Netherlands,1999,441975282335.3931
Netherlands,2000,412807259996.31476
Netherlands,2001,426573601789.70917
Netherlands,2002,465368906455.863
Netherlands,2003,571863431151.2416
Netherlands,2004,650532654581.5743
Netherlands,2005,678533764457.157
Netherlands,2006,726649102998.369
Netherlands,2007,839419655078.0181
Netherlands,2008,936228211513.1097
New Zealand,1970,
New Zealand,1971,7912290825.158684
New Zealand,1972,9567331064.657269
New Zealand,1973,12802281897.871157
New Zealand,1974,13940981798.124657
New Zealand,1975,12861983284.391235
New Zealand,1976,13604832424.006235
New Zealand,1977,15446825318.455614
New Zealand,1978,18530518394.64883
New Zealand,1979,20730241410.39768
New Zealand,1980,23245512449.334106
New Zealand,1981,24417617184.247772
New Zealand,1982,24164603058.994904
New Zealand,1983,24308622502.62881
New Zealand,1984,21665456808.047287
New Zealand,1985,24680306905.370842
New Zealand,1986,30605196451.204056
New Zealand,1987,40377592076.756424
New Zealand,1988,45176167471.81965
New Zealand,1989,43920222524.70853
New Zealand,1990,45495727006.51408
New Zealand,1991,42745329732.16296
New Zealand,1992,41649298170.991066
New Zealand,1993,46775067750.677505
New Zealand,1994,55315342817.0218
New Zealand,1995,63918703506.90754
New Zealand,1996,70140835299.01485
New Zealand,1997,66074513017.71417
New Zealand,1998,56227169851.04479
New Zealand,1999,58761741657.58472
New Zealand,2000,52623281956.70312
New Zealand,2001,53872425916.62481
New Zealand,2002,66628222189.36369
New Zealand,2003,88250885550.26262
New Zealand,2004,103905882352.94118
New Zealand,2005,114719425473.49153
New Zealand,2006,111606899682.25148
New Zealand,2007,137314617476.29897
New Zealand,2008,133279679482.67378
Norway,1970,12814123115.261309
Norway,1971,14583114840.062925
Norway,1972,17358610849.70098
Norway,1973,22534253702.86864
Norway,1974,27145693810.134125
Norway,1975,32877805200.02296
Norway,1976,35942270686.337395
Norway,1977,41508030431.10735
Norway,1978,46523091009.671326
Norway,1979,53132244623.92133
Norway,1980,64439382896.01556
Norway,1981,63596654760.867676
Norway,1982,62647195537.65107
Norway,1983,61627240831.09479
Norway,1984,62057955032.77583
Norway,1985,65416879914.390724
Norway,1986,78693253275.99496
Norway,1987,94230055658.62709
Norway,1988,101900260856.22218
Norway,1989,102633789557.53494
Norway,1990,119791683307.50676
Norway,1991,121872464483.48734
Norway,1992,130838040067.58388
Norway,1993,120579072750.59557
Norway,1994,127131461119.92746
Norway,1995,152027402449.80426
Norway,1996,163517783497.16272
Norway,1997,161354369892.83795
Norway,1998,154165219811.53333
Norway,1999,162286003692.68643
Norway,2000,171315639982.7308
Norway,2001,174003247439.30515
Norway,2002,195418347152.9848
Norway,2003,228752436371.8539
Norway,2004,264357494659.3876
Norway,2005,308722079937.9123
Norway,2006,345424664369.3575
Norway,2007,401082621082.6211
Norway,2008,462554432624.1135
Panama,1970,1351006400.0
Panama,1971,1523917200.0
Panama,1972,1673411700.0
Panama,1973,1913793400.0
Panama,1974,2188307600.0
Panama,1975,2435304100.0
Panama,1976,2588106000.0
Panama,1977,2738261900.0
Panama,1978,3244558600.0
Panama,1979,3704551600.0
Panama,1980,4614086400.0
Panama,1981,5222421500.0
Panama,1982,5769767900.0
Panama,1983,5923755900.0
Panama,1984,6183387100.0
Panama,1985,6541517100.0
Panama,1986,6797834200.0
Panama,1987,6827665300.0
Panama,1988,5902783400.0
Panama,1989,5918469800.0
Panama,1990,6433967000.0
Panama,1991,7074675500.0
Panama,1992,8042337700.0
Panama,1993,8782585400.0
Panama,1994,9365289800.0
Panama,1995,9573813700.0
Panama,1996,9870494000.0
Panama,1997,10677286100.0
Panama,1998,11575486400.0
Panama,1999,12130252200.0
Panama,2000,12304115000.0
Panama,2001,12502013400.0
Panama,2002,12994310400.0
Panama,2003,13693981200.0
Panama,2004,15013381700.0
Panama,2005,16374393900.0
Panama,2006,18141666300.0
Panama,2007,20958000000.0
Panama,2008,24522200000.0
Paraguay,1970,548758098.4126984
Paraguay,1971,609047284.9206349
Paraguay,1972,697291727.7777778
Paraguay,1973,889357059.5238096
Paraguay,1974,1199618980.1587303
Paraguay,1975,1351889403.1746032
Paraguay,1976,1540820245.2380953
Paraguay,1977,1912353339.6825397
Paraguay,1978,2350329157.142857
Paraguay,1979,3135123879.3650794
Paraguay,1980,4094810488.095238
Paraguay,1981,5219516810.31746
Paraguay,1982,5067450002.205882
Paraguay,1983,5237432542.465754
Paraguay,1984,4067222369.3065248
Paraguay,1985,2966234106.19469
Paraguay,1986,3439716561.654426
Paraguay,1987,3778316380.239521
Paraguay,1988,4082625952.7380953
Paraguay,1989,4599970618.443477
Paraguay,1990,5695201563.424948
Paraguay,1991,6984367762.903712
Paraguay,1992,7157424031.060454
Paraguay,1993,7249533620.30614
Paraguay,1994,7870982170.982171
Paraguay,1995,9062131307.882751
Paraguay,1996,9788391732.828993
Paraguay,1997,9965225496.588394
Paraguay,1998,9024567484.2013
Paraguay,1999,8392549702.315113
Paraguay,2000,8195993230.742754
Paraguay,2001,7662595075.902413
Paraguay,2002,6325151760.066896
Paraguay,2003,6588103836.347391
Paraguay,2004,8033877360.416966
Paraguay,2005,8734653809.495605
Paraguay,2006,10646157920.320862
Paraguay,2007,13794910633.851755
Paraguay,2008,18504130752.992188
Philippines,1970,6687204834.368705
Philippines,1971,7408305735.653093
Philippines,1972,8017468688.200396
Philippines,1973,10082885603.066767
Philippines,1974,13781139969.651882
Philippines,1975,14893969287.655735
Philippines,1976,17097563270.29824
Philippines,1977,19648106122.00789
Philippines,1978,22706155475.304787
Philippines,1979,27502168726.957275
Philippines,1980,32450541843.06521
Philippines,1981,35646416952.5425
Philippines,1982,37140163934.42623
Philippines,1983,33212180658.165882
Philippines,1984,31408492876.691
Philippines,1985,30734335448.99045
Philippines,1986,29868339080.826267
Philippines,1987,33195933429.600784
Philippines,1988,37885440418.683365
Philippines,1989,42575183905.560646
Philippines,1990,44311593755.78453
Philippines,1991,45417561302.24975
Philippines,1992,52976344928.9564
Philippines,1993,54368083953.111916
Philippines,1994,64084460124.46436
Philippines,1995,74119987244.50114
Philippines,1996,82848140618.02661
Philippines,1997,82344260570.66849
Philippines,1998,72207025219.47522
Philippines,1999,82995147089.97415
Philippines,2000,81026297144.27951
Philippines,2001,76262072022.215
Philippines,2002,81357602950.18176
Philippines,2003,83908206456.06448
Philippines,2004,91371239764.8818
Philippines,2005,103071585462.59904
Philippines,2006,122210719245.9022
Philippines,2007,149359920005.894
Philippines,2008,174195135053.12106
Poland,1970,
Poland,1971,
Poland,1972,
Poland,1973,
Poland,1974,
Poland,1975,
Poland,1976,
Poland,1977,
Poland,1978,
Poland,1979,
Poland,1980,
Poland,1981,
Poland,1982,
Poland,1983,
Poland,1984,
Poland,1985,
Poland,1986,
Poland,1987,
Poland,1988,
Poland,1989,
Poland,1990,65977749038.43796
Poland,1991,85500935934.99008
Poland,1992,94337050693.27269
Poland,1993,96045645026.17801
Poland,1994,110803391516.6982
Poland,1995,142137319587.62888
Poland,1996,159942880456.95636
Poland,1997,159117799530.38757
Poland,1998,174388271853.59958
Poland,1999,169717677900.73355
Poland,2000,171885598582.6373
Poland,2001,190521263343.02255
Poland,2002,198680637254.90195
Poland,2003,217518642324.50504
Poland,2004,255102252843.3946
Poland,2005,306134635593.7442
Poland,2006,344826430298.14667
Poland,2007,429249647594.60724
Poland,2008,533815789473.68427
Portugal,1970,8109032775.453278
Portugal,1971,9202512367.491167
Portugal,1972,11240223128.243143
Portugal,1973,15092052330.335241
Portugal,1974,17514112075.769535
Portugal,1975,19349512941.17647
Portugal,1976,20334835543.76658
Portugal,1977,21441635411.21006
Portugal,1978,23489924726.27737
Portugal,1979,26625439344.262295
Portugal,1980,32899759311.17341
Portugal,1981,31980423452.76873
Portugal,1982,30530759334.006058
Portugal,1983,27242331885.63156
Portugal,1984,25220451794.029034
Portugal,1985,27118476173.667492
Portugal,1986,38749715721.75312
Portugal,1987,48187667852.568665
Portugal,1988,56352797353.760445
Portugal,1989,60600056659.027245
Portugal,1990,78721607509.49234
Portugal,1991,89242382961.01013
Portugal,1992,107602689040.68904
Portugal,1993,95019103603.042
Portugal,1994,99698453260.86957
Portugal,1995,118133634071.9119
Portugal,1996,122629812841.17494
Portugal,1997,117046198970.84047
Portugal,1998,123981736420.30276
Portugal,1999,127465545493.28787
Portugal,2000,118358489957.61932
Portugal,2001,121545880984.34006
Portugal,2002,134228697534.34972
Portugal,2003,164964195259.5937
Portugal,2004,189187437298.2369
Portugal,2005,197304513120.25867
Portugal,2006,208566948939.90717
Portugal,2007,240169336162.05856
Portugal,2008,262007590449.6851
Romania,1970,
Romania,1971,
Romania,1972,
Romania,1973,
Romania,1974,
Romania,1975,
Romania,1976,
Romania,1977,
Romania,1978,
Romania,1979,
Romania,1980,
Romania,1981,
Romania,1982,
Romania,1983,
Romania,1984,
Romania,1985,
Romania,1986,
Romania,1987,38413636363.63636
Romania,1988,40809523809.52381
Romania,1989,42105263157.89474
Romania,1990,38995454545.454544
Romania,1991,28998684210.526318
Romania,1992,25121666666.666668
Romania,1993,26362894736.842106
Romania,1994,30074440483.383686
Romania,1995,37662075750.12297
Romania,1996,37182938696.07525
Romania,1997,35838588169.64286
Romania,1998,41976002703.920685
Romania,1999,36183003978.34735
Romania,2000,37438527799.53015
Romania,2001,40716836998.03861
Romania,2002,46174557555.58917
Romania,2003,59867801204.81928
Romania,2004,76216441462.1442
Romania,2005,99697566667.81068
Romania,2006,123533036667.85332
Romania,2007,171536685395.5625
Romania,2008,208181626900.63123
Russia,1970,
Russia,1971,
Russia,1972,
Russia,1973,
Russia,1974,
Russia,1975,
Russia,1976,
Russia,1977,
Russia,1978,
Russia,1979,
Russia,1980,
Russia,1981,
Russia,1982,
Russia,1983,
Russia,1984,
Russia,1985,
Russia,1986,
Russia,1987,
Russia,1988,
Russia,1989,506500154001.4662
Russia,1990,516814258695.5684
Russia,1991,517962962962.96295
Russia,1992,460290556900.7264
Russia,1993,435083713850.83716
Russia,1994,395077301248.4637
Russia,1995,395531066563.296
Russia,1996,391719993756.8284
Russia,1997,404926534140.0173
Russia,1998,270953116950.02576
Russia,1999,195905767668.56213
Russia,2000,259708496267.33026
Russia,2001,306602673980.1165
Russia,2002,345110438692.185
Russia,2003,430347770731.7868
Russia,2004,591016690742.7976
Russia,2005,764017107992.3915
Russia,2006,989930542278.6952
Russia,2007,1299705247685.7644
Russia,2008,1660844408499.6113
Serbia,1970,
Serbia,1971,
Serbia,1972,
Serbia,1973,
Serbia,1974,
Serbia,1975,
Serbia,1976,
Serbia,1977,
Serbia,1978,
Serbia,1979,
Serbia,1980,
Serbia,1981,
Serbia,1982,
Serbia,1983,
Serbia,1984,
Serbia,1985,
Serbia,1986,
Serbia,1987,
Serbia,1988,
Serbia,1989,
Serbia,1990,
Serbia,1991,
Serbia,1992,
Serbia,1993,
Serbia,1994,
Serbia,1995,16750000000.0
Serbia,1996,20948677839.851025
Serbia,1997,24147996549.56616
Serbia,1998,18284194680.38442
Serbia,1999,18409364146.979378
Serbia,2000,6540247190.335292
Serbia,2001,12267175481.254211
Serbia,2002,16116843146.480574
Serbia,2003,21188704081.242817
Serbia,2004,24861483280.6339
Serbia,2005,26252007830.46386
Serbia,2006,30607991862.48433
Serbia,2007,40289556656.145485
Serbia,2008,49259526052.74256
Singapore,1970,1919508689.4028487
Singapore,1971,2262544100.352803
Singapore,1972,2719900350.739175
Singapore,1973,3693760000.0
Singapore,1974,5216773825.994955
Singapore,1975,5633386679.798104
Singapore,1976,6326445409.6908865
Singapore,1977,6617532782.904323
Singapore,1978,7515823563.171271
Singapore,1979,9294635004.397537
Singapore,1980,11893405683.803919
Singapore,1981,14171819540.44461
Singapore,1982,16078856439.627022
Singapore,1983,17775280373.831776
Singapore,1984,19735920492.191196
Singapore,1985,19138296376.16614
Singapore,1986,18569292304.895233
Singapore,1987,20897630201.157345
Singapore,1988,25337226970.560303
Singapore,1989,30423573842.178497
Singapore,1990,36152027893.144646
Singapore,1991,45474442836.46889
Singapore,1992,52156414978.51443
Singapore,1993,60644572348.06288
Singapore,1994,73777792326.8299
Singapore,1995,87890009877.24002
Singapore,1996,96403758865.24821
Singapore,1997,100163995150.86208
Singapore,1998,85707636233.26958
Singapore,1999,86283126843.6578
Singapore,2000,95833932714.61717
Singapore,2001,89286208628.67667
Singapore,2002,91941192896.23589
Singapore,2003,97001377568.59142
Singapore,2004,114188557567.15182
Singapore,2005,127417688055.7558
Singapore,2006,147797218201.27133
Singapore,2007,179981288567.4474
Singapore,2008,192225881687.7518
Slovakia,1970,
Slovakia,1971,
Slovakia,1972,
Slovakia,1973,
Slovakia,1974,
Slovakia,1975,
Slovakia,1976,
Slovakia,1977,
Slovakia,1978,
Slovakia,1979,
Slovakia,1980,
Slovakia,1981,
Slovakia,1982,
Slovakia,1983,
Slovakia,1984,
Slovakia,1985,
Slovakia,1986,
Slovakia,1987,
Slovakia,1988,
Slovakia,1989,
Slovakia,1990,12694544692.73743
Slovakia,1991,14213045493.880579
Slovakia,1992,15431288006.210377
Slovakia,1993,16452201100.960413
Slovakia,1994,20079363625.57836
Slovakia,1995,25733043137.2549
Slovakia,1996,27821913814.95564
Slovakia,1997,27660149541.18047
Slovakia,1998,29828899205.72771
Slovakia,1999,30415095887.49201
Slovakia,2000,29114875621.89055
Slovakia,2001,30703017449.664433
Slovakia,2002,35083608130.999435
Slovakia,2003,46731767494.35666
Slovakia,2004,57240535137.81972
Slovakia,2005,62697540106.951866
Slovakia,2006,70596729394.05344
Slovakia,2007,86304245825.34903
Slovakia,2008,100324627215.468
Slovenia,1970,
Slovenia,1971,
Slovenia,1972,
Slovenia,1973,
Slovenia,1974,
Slovenia,1975,
Slovenia,1976,
Slovenia,1977,
Slovenia,1978,
Slovenia,1979,
Slovenia,1980,
Slovenia,1981,
Slovenia,1982,
Slovenia,1983,
Slovenia,1984,
Slovenia,1985,
Slovenia,1986,
Slovenia,1987,
Slovenia,1988,
Slovenia,1989,
Slovenia,1990,
Slovenia,1991,
Slovenia,1992,
Slovenia,1993,
Slovenia,1994,
Slovenia,1995,21273055398.30166
Slovenia,1996,21480023016.99717
Slovenia,1997,20749140606.242496
Slovenia,1998,22125435372.18696
Slovenia,1999,22689994990.112064
Slovenia,2000,20342201356.005165
Slovenia,2001,20875387068.114513
Slovenia,2002,23563576758.10474
Slovenia,2003,29697448108.29573
Slovenia,2004,34470227453.911316
Slovenia,2005,36346974008.20793
Slovenia,2006,39587732028.60368
Slovenia,2007,48114688201.47823
Slovenia,2008,55589849128.460526
South Korea,1970,8999227202.472952
South Korea,1971,9889961111.911278
South Korea,1972,10842220468.833515
South Korea,1973,13841885920.867645
South Korea,1974,19482038222.859543
South Korea,1975,21704752066.115704
South Korea,1976,29779338842.97521
South Korea,1977,38265082644.6281
South Korea,1978,51700619834.71075
South Korea,1979,66567975206.61157
South Korea,1980,64980820835.32259
South Korea,1981,72425590649.45744
South Korea,1982,77773431088.25299
South Korea,1983,87024427972.92943
South Korea,1984,96597434179.50818
South Korea,1985,100273097170.18
South Korea,1986,115537126325.9402
South Korea,1987,146133338196.14136
South Korea,1988,196964195387.37064
South Korea,1989,243526047716.91537
South Korea,1990,279349355713.8013
South Korea,1991,325734233312.8793
South Korea,1992,350051111253.4426
South Korea,1993,386302839273.9233
South Korea,1994,455602962225.40295
South Korea,1995,556130926912.7543
South Korea,1996,598099073901.4233
South Korea,1997,557503074772.1515
South Korea,1998,374241351752.48315
South Korea,1999,485248229336.6532
South Korea,2000,561633125839.9943
South Korea,2001,533052076313.5268
South Korea,2002,609020054512.4652
South Korea,2003,680520724062.4031
South Korea,2004,764880644710.6486
South Korea,2005,898137194716.1881
South Korea,2006,1011797457138.5032
South Korea,2007,1122679154632.4146
South Korea,2008,1002219052967.5375
Spain,1970,40881655098.64511
Spain,1971,46492797365.26946
Spain,1972,58971806626.97386
Spain,1973,78425934894.34608
Spain,1974,97009800115.37352
Spain,1975,114465300289.85509
Spain,1976,118185307386.22234
Spain,1977,132089531434.83023
Spain,1978,160163483072.91666
Spain,1979,214019077342.588
Spain,1980,232134606637.2708
Spain,1981,202257045774.01337
Spain,1982,195464408602.15054
Spain,1983,170486866357.3086
Spain,1984,171635463361.62286
Spain,1985,180302412230.91977
Spain,1986,250638463466.7934
Spain,1987,317882187036.7875
Spain,1988,375138723325.23926
Spain,1989,413630538018.27124
Spain,1990,535101248775.7101
Spain,1991,575598537069.6556
Spain,1992,629202392003.9006
Spain,1993,523649481762.32184
Spain,1994,529121577319.5876
Spain,1995,612939685081.3984
Spain,1996,640998292394.5883
Spain,1997,588692045454.5454
Spain,1998,617041986858.2247
Spain,1999,633194118900.4901
Spain,2000,595402616546.8951
Spain,2001,625975838926.1746
Spain,2002,705145868624.1295
Spain,2003,906853273137.6975
Spain,2004,1069555500372.4857
Spain,2005,1157276458151.9712
Spain,2006,1264551499184.544
Spain,2007,1479341637010.676
Spain,2008,1635015380108.3933
Sri Lanka,1970,2296470588.235294
Sri Lanka,1971,2369308600.3372684
Sri Lanka,1972,2553936348.4087105
Sri Lanka,1973,2875625000.0
Sri Lanka,1974,3574586466.1654134
Sri Lanka,1975,3791298145.506419
Sri Lanka,1976,3591319857.3127227
Sri Lanka,1977,4104509582.8635855
Sri Lanka,1978,2733183856.502242
Sri Lanka,1979,3364611432.24149
Sri Lanka,1980,4024621899.576527
Sri Lanka,1981,4415844155.844156
Sri Lanka,1982,4768765016.818837
Sri Lanka,1983,5167913302.167445
Sri Lanka,1984,6043474842.767295
Sri Lanka,1985,5978460972.0176735
Sri Lanka,1986,6405210563.882941
Sri Lanka,1987,6682167119.565218
Sri Lanka,1988,6978371581.263754
Sri Lanka,1989,6987267683.772539
Sri Lanka,1990,8032551173.240141
Sri Lanka,1991,9000362581.580856
Sri Lanka,1992,9703011635.865847
Sri Lanka,1993,10338679635.76159
Sri Lanka,1994,11717604208.822338
Sri Lanka,1995,13029697560.975609
Sri Lanka,1996,13897738375.248777
Sri Lanka,1997,15091913883.709103
Sri Lanka,1998,15794972847.168344
Sri Lanka,1999,15656327859.569649
Sri Lanka,2000,16330814179.976625
Sri Lanka,2001,15746229581.56187
Sri Lanka,2002,16536535647.083422
Sri Lanka,2003,18881765437.215084
Sri Lanka,2004,20662525941.29855
Sri Lanka,2005,24406252456.514103
Sri Lanka,2006,28279814924.591778
Sri Lanka,2007,32350248410.821606
Sri Lanka,2008,40713812309.73159
Sweden,1970,37555366021.03147
Sweden,1971,40980345656.37254
Sweden,1972,48263914958.84428
Sweden,1973,58567384058.80063
Sweden,1974,65082581294.76956
Sweden,1975,81716751697.8951
Sweden,1976,88102107647.09933
Sweden,1977,93136775102.6419
Sweden,1978,102969762221.9763
Sweden,1979,121646718574.32764
Sweden,1980,140088635568.37527
Sweden,1981,127858412114.38954
Sweden,1982,112767844570.71912
Sweden,1983,103533702638.54652
Sweden,1984,107661673734.85818
Sweden,1985,112514448261.83476
Sweden,1986,148376104539.83942
Sweden,1987,180429286795.78577
Sweden,1988,204068257817.6002
Sweden,1989,214875344909.95673
Sweden,1990,258154283908.90045
Sweden,1991,270362531376.6019
Sweden,1992,280312318915.48474
Sweden,1993,209950792712.69623
Sweden,1994,226079963711.76776
Sweden,1995,264051981551.31564
Sweden,1996,288103936773.03906
Sweden,1997,264477727278.6808
Sweden,1998,266800462898.9044
Sweden,1999,270847937645.23627
Sweden,2000,259802012617.05704
Sweden,2001,239917320966.97678
Sweden,2002,263926220332.54254
Sweden,2003,331108912605.2706
Sweden,2004,381705425301.7458
Sweden,2005,389042298376.845
Sweden,2006,420032121655.6884
Sweden,2007,487816328342.30927
Sweden,2008,513965650650.1191
Switzerland,1970,
Switzerland,1971,
Switzerland,1972,
Switzerland,1973,
Switzerland,1974,
Switzerland,1975,
Switzerland,1976,
Switzerland,1977,
Switzerland,1978,
Switzerland,1979,
Switzerland,1980,119008334606.43314
Switzerland,1981,108993981315.54832
Switzerland,1982,111711490075.35832
Switzerland,1983,111314328474.10796
Switzerland,1984,106285277141.76279
Switzerland,1985,107766112124.04868
Switzerland,1986,154482372838.95715
Switzerland,1987,193466104144.3133
Switzerland,1988,209298156700.60822
Switzerland,1989,202078703955.0095
Switzerland,1990,258066552980.13245
Switzerland,1991,261113787377.96375
Switzerland,1992,271814366804.15305
Switzerland,1993,264353008121.27774
Switzerland,1994,292646657673.46643
Switzerland,1995,342617007103.59406
Switzerland,1996,330091688349.5146
Switzerland,1997,286519135326.94824
Switzerland,1998,295045152020.9684
Switzerland,1999,289912492344.56134
Switzerland,2000,272055499940.78635
Switzerland,2001,278631271391.32495
Switzerland,2002,301416810214.29486
Switzerland,2003,352914820747.0112
Switzerland,2004,394163688620.8283
Switzerland,2005,408689353999.3575
Switzerland,2006,430921192375.17944
Switzerland,2007,479913034321.89276
Switzerland,2008,554363487120.3029
Trinidad and Tobago,1970,821850000.0
Trinidad and Tobago,1971,896754316.6742619
Trinidad and Tobago,1972,1083381044.0847342
Trinidad and Tobago,1973,1308799458.962842
Trinidad and Tobago,1974,2042031901.4221702
Trinidad and Tobago,1975,2442667573.0482073
Trinidad and Tobago,1976,2500410583.791773
Trinidad and Tobago,1977,3138666666.666667
Trinidad and Tobago,1978,3562333458.3333335
Trinidad and Tobago,1979,4602416625.0
Trinidad and Tobago,1980,6235833333.333334
Trinidad and Tobago,1981,6992083333.333334
Trinidad and Tobago,1982,8140416666.666667
Trinidad and Tobago,1983,7763750000.0
Trinidad and Tobago,1984,7757083333.333334
Trinidad and Tobago,1985,7375918367.346938
Trinidad and Tobago,1986,4794444444.444445
Trinidad and Tobago,1987,4797777777.777778
Trinidad and Tobago,1988,4496852073.468963
Trinidad and Tobago,1989,4323058823.529411
Trinidad and Tobago,1990,5068000000.0
Trinidad and Tobago,1991,5307905882.3529415
Trinidad and Tobago,1992,5439552941.176471
Trinidad and Tobago,1993,4669488516.37981
Trinidad and Tobago,1994,4947205860.014515
Trinidad and Tobago,1995,5329214163.220015
Trinidad and Tobago,1996,5759537726.266007
Trinidad and Tobago,1997,5737751331.6377945
Trinidad and Tobago,1998,6043694330.21609
Trinidad and Tobago,1999,6808982520.757593
Trinidad and Tobago,2000,8154338232.959775
Trinidad and Tobago,2001,8824873259.321054
Trinidad and Tobago,2002,9008273720.933954
Trinidad and Tobago,2003,11305459802.068275
Trinidad and Tobago,2004,13280275123.035402
Trinidad and Tobago,2005,15982282462.378565
Trinidad and Tobago,2006,18369070085.388844
Trinidad and Tobago,2007,21642304045.51201
Trinidad and Tobago,2008,27870257894.23475
Turkmenistan,1970,
Turkmenistan,1971,
Turkmenistan,1972,
Turkmenistan,1973,
Turkmenistan,1974,
Turkmenistan,1975,
Turkmenistan,1976,
Turkmenistan,1977,
Turkmenistan,1978,
Turkmenistan,1979,
Turkmenistan,1980,
Turkmenistan,1981,
Turkmenistan,1982,
Turkmenistan,1983,
Turkmenistan,1984,
Turkmenistan,1985,
Turkmenistan,1986,
Turkmenistan,1987,2331358819.7595434
Turkmenistan,1988,3010982414.244252
Turkmenistan,1989,3006988216.550447
Turkmenistan,1990,3189539641.317105
Turkmenistan,1991,3208098919.0145984
Turkmenistan,1992,3200539816.0600963
Turkmenistan,1993,3179225948.5811377
Turkmenistan,1994,2561118608.3551626
Turkmenistan,1995,2482228439.7140694
Turkmenistan,1996,2379281767.9558015
Turkmenistan,1997,2450084970.2474146
Turkmenistan,1998,2605688065.0833807
Turkmenistan,1999,2450686659.777995
Turkmenistan,2000,2904662604.820529
Turkmenistan,2001,3534771968.5118895
Turkmenistan,2002,4462028988.729486
Turkmenistan,2003,5977440582.801714
Turkmenistan,2004,6838351088.466884
Turkmenistan,2005,8104355716.878403
Turkmenistan,2006,10277598152.424942
Turkmenistan,2007,12664165103.189493
Turkmenistan,2008,19271523178.807945
Ukraine,1970,
Ukraine,1971,
Ukraine,1972,
Ukraine,1973,
Ukraine,1974,
Ukraine,1975,
Ukraine,1976,
Ukraine,1977,
Ukraine,1978,
Ukraine,1979,
Ukraine,1980,
Ukraine,1981,
Ukraine,1982,
Ukraine,1983,
Ukraine,1984,
Ukraine,1985,
Ukraine,1986,
Ukraine,1987,64087694038.233315
Ukraine,1988,74703517902.66425
Ukraine,1989,82709161099.12439
Ukraine,1990,81456918678.50078
Ukraine,1991,77464561149.51027
Ukraine,1992,73942235330.43695
Ukraine,1993,65648559903.05707
Ukraine,1994,52549555149.19778
Ukraine,1995,48213868178.08735
Ukraine,1996,44558077827.13501
Ukraine,1997,50150399791.64705
Ukraine,1998,41883241471.73647
Ukraine,1999,31580639045.45399
Ukraine,2000,31261527363.143963
Ukraine,2001,38009344576.60878
Ukraine,2002,42392896031.23944
Ukraine,2003,50132953288.20297
Ukraine,2004,64883060725.70032
Ukraine,2005,86142018069.3504
Ukraine,2006,107753069306.9307
Ukraine,2007,142719009900.9901
Ukraine,2008,179992405832.32077
United Kingdom,1970,130671946244.30045
United Kingdom,1971,148113896325.13995
United Kingdom,1972,169965034965.03497
United Kingdom,1973,192537971582.55756
United Kingdom,1974,206131369798.97147
United Kingdom,1975,241756637168.14157
United Kingdom,1976,232614555256.0647
United Kingdom,1977,263066457352.17163
United Kingdom,1978,335883029721.95593
United Kingdom,1979,438994070309.19104
United Kingdom,1980,564947710899.3726
United Kingdom,1981,540765675241.1576
United Kingdom,1982,515048916841.3696
United Kingdom,1983,489618008185.53894
United Kingdom,1984,461487097632.349
United Kingdom,1985,489285164271.04724
United Kingdom,1986,601452653180.8854
United Kingdom,1987,745162608269.3251
United Kingdom,1988,910122732123.7993
United Kingdom,1989,926884816753.9268
United Kingdom,1990,1093169389204.5454
United Kingdom,1991,1142797178130.5115
United Kingdom,1992,1179659529659.5298
United Kingdom,1993,1061388722255.549
United Kingdom,1994,1140489745944.2915
United Kingdom,1995,1335218557677.1343
United Kingdom,1996,1408781591263.6506
United Kingdom,1997,1552483628028.8147
United Kingdom,1998,1638511096389.533
United Kingdom,1999,1665623685487.7852
United Kingdom,2000,1647951278559.5398
United Kingdom,2001,1621510004318.411
United Kingdom,2002,1768408273381.295
United Kingdom,2003,2038395102040.8162
United Kingdom,2004,2398555474185.2803
United Kingdom,2005,2520701818181.818
United Kingdom,2006,2692612695492.18
United Kingdom,2007,3074359743897.559
United Kingdom,2008,2890564338235.294
United States of America,1970,1075884000000.0
United States of America,1971,1167770000000.0
United States of America,1972,1282449000000.0
United States of America,1973,1428549000000.0
United States of America,1974,1548825000000.0
United States of America,1975,1688923000000.0
United States of America,1976,1877587000000.0
United States of America,1977,2085951000000.0
United States of America,1978,2356571000000.0
United States of America,1979,2632143000000.0
United States of America,1980,2862505000000.0
United States of America,1981,3210956000000.0
United States of America,1982,3344991000000.0
United States of America,1983,3638137000000.0
United States of America,1984,4040693000000.0
United States of America,1985,4346734000000.0
United States of America,1986,4590155000000.0
United States of America,1987,4870217000000.0
United States of America,1988,5252629000000.0
United States of America,1989,5657693000000.0
United States of America,1990,5979589000000.0
United States of America,1991,6174043000000.0
United States of America,1992,6539299000000.0
United States of America,1993,6878718000000.0
United States of America,1994,7308755000000.0
United States of America,1995,7664060000000.0
United States of America,1996,8100201000000.0
United States of America,1997,8608515000000.0
United States of America,1998,9089168000000.0
United States of America,1999,9660624000000.0
United States of America,2000,10284779000000.0
United States of America,2001,10621824000000.0
United States of America,2002,10977514000000.0
United States of America,2003,11510670000000.0
United States of America,2004,12274928000000.0
United States of America,2005,13093726000000.0
United States of America,2006,13855888000000.0
United States of America,2007,14477635000000.0
United States of America,2008,14718582000000.0
Uruguay,1970,2137096774.1935482
Uruguay,1971,2807258064.516129
Uruguay,1972,2189418001.378983
Uruguay,1973,3964295672.524444
Uruguay,1974,4090209681.9717207
Uruguay,1975,3538283322.07726
Uruguay,1976,3667161241.4837246
Uruguay,1977,4114667062.6491656
Uruguay,1978,4910257282.931534
Uruguay,1979,7181185277.98651
Uruguay,1980,10163020115.734362
Uruguay,1981,11048335541.493334
Uruguay,1982,9178802162.661604
Uruguay,1983,5102281255.999861
Uruguay,1984,4850241442.176433
Uruguay,1985,4732017873.383685
Uruguay,1986,5880112788.4094715
Uruguay,1987,7367494080.400138
Uruguay,1988,8213515458.511386
Uruguay,1989,8438951476.066442
Uruguay,1990,9298839655.231384
Uruguay,1991,11206193313.045807
Uruguay,1992,12878157305.748129
Uruguay,1993,15002144584.366255
Uruguay,1994,17474578502.434616
Uruguay,1995,19297663096.550636
Uruguay,1996,20515465834.068214
Uruguay,1997,23969746849.922104
Uruguay,1998,25385928198.32122
Uruguay,1999,23983945190.62023
Uruguay,2000,22823255801.84469
Uruguay,2001,20898788416.634758
Uruguay,2002,13606494599.426071
Uruguay,2003,12045631092.535282
Uruguay,2004,13686329890.119078
Uruguay,2005,17362857683.85447
Uruguay,2006,19579457966.053818
Uruguay,2007,23410572621.532955
Uruguay,2008,30366213095.42562
Uzbekistan,1970,
Uzbekistan,1971,
Uzbekistan,1972,
Uzbekistan,1973,
Uzbekistan,1974,
Uzbekistan,1975,
Uzbekistan,1976,
Uzbekistan,1977,
Uzbekistan,1978,
Uzbekistan,1979,
Uzbekistan,1980,
Uzbekistan,1981,
Uzbekistan,1982,
Uzbekistan,1983,
Uzbekistan,1984,
Uzbekistan,1985,
Uzbekistan,1986,
Uzbekistan,1987,
Uzbekistan,1988,
Uzbekistan,1989,
Uzbekistan,1990,13360607990.675097
Uzbekistan,1991,13677622222.222223
Uzbekistan,1992,12941297376.093296
Uzbekistan,1993,13099013835.511147
Uzbekistan,1994,12899156990.615555
Uzbekistan,1995,13350468917.411453
Uzbekistan,1996,13948892215.568863
Uzbekistan,1997,14744603773.584906
Uzbekistan,1998,14988971210.838272
Uzbekistan,1999,17078465982.028242
Uzbekistan,2000,13760374487.510038
Uzbekistan,2001,11401351420.171762
Uzbekistan,2002,9687951055.225414
Uzbekistan,2003,10128112401.424835
Uzbekistan,2004,12030023547.88069
Uzbekistan,2005,14307509838.805326
Uzbekistan,2006,17330833852.918976
Uzbekistan,2007,22311393927.88172
Uzbekistan,2008,29549438883.83379
Venezuela,1970,12848755555.555557
Venezuela,1971,14625295454.545454
Venezuela,1972,15922863636.363632
Venezuela,1973,19466279069.76744
Venezuela,1974,28985627906.976746
Venezuela,1975,31303581395.34884
Venezuela,1976,36187023255.81395
Venezuela,1977,42263209302.325584
Venezuela,1978,46426511627.906975
Venezuela,1979,55653325581.39535
Venezuela,1980,67018023255.81396
Venezuela,1981,75367139534.88373
Venezuela,1982,76559883720.93024
Venezuela,1983,78540255813.95349
Venezuela,1984,56091900000.0
Venezuela,1985,57935746666.666664
Venezuela,1986,58793864197.53087
Venezuela,1987,45343793103.44827
Venezuela,1988,58428406896.55172
Venezuela,1989,42119835734.870316
Venezuela,1990,47028010660.98081
Venezuela,1991,51749026408.45071
Venezuela,1992,58450099415.20468
Venezuela,1993,58124193832.59911
Venezuela,1994,56531046464.64647
Venezuela,1995,74906532239.819
Venezuela,1996,68263823148.813805
Venezuela,1997,85843534588.62056
Venezuela,1998,91331203433.16289
Venezuela,1999,97976886247.31715
Venezuela,2000,117140723529.41176
Venezuela,2001,122903960204.50462
Venezuela,2002,92893587733.65492
Venezuela,2003,83620628582.10815
Venezuela,2004,112453382329.61455
Venezuela,2005,145510008134.74976
Venezuela,2006,183477522123.89383
Venezuela,2007,230364012575.687
Venezuela,2008,315953388510.6779
